--REMOVE DB IF IT EXISTS
USE master
ALTER DATABASE SurveillenceDB set single_user WITH rollback immediate
DROP DATABASE SurveillenceDB

CREATE DATABASE SurveillenceDB;
GO

USE SurveillenceDB;
GO
----------------------------------

--DISTRICTS TABLE
CREATE TABLE [dbo].[Districts](
    [districtId] int IDENTITY(1,1) NOT NULL,
	[districtName] varchar(100) NOT NULL,
	[size] float NOT NULL
);
GO

ALTER TABLE dbo.Districts
ADD CONSTRAINT [PK_districtId] PRIMARY KEY CLUSTERED ([districtId] ASC);
GO

--CAMERAS TABLE
CREATE TABLE [dbo].[Cameras](
	[cameraId] int IDENTITY(1,1) NOT NULL,
	[districtId] int NULL,
	[latitude] decimal(9,6) NULL,
	[longitude] decimal(9,6) NULL,
	[lastMaintenanceDate] datetime NULL,
);
GO

ALTER TABLE [dbo].[Cameras]
   ADD CONSTRAINT [PK_cameraId] PRIMARY KEY CLUSTERED ([cameraId] ASC);
;
GO


--CITIZENS TABLE
CREATE TABLE [dbo].[Citizens](
	[citizenId] bigint NOT NULL,
	[firstName] varchar(100) NOT NULL,
	[lastName] varchar(100) NOT NULL,
	[dateOfBirth] date NOT NULL,
	[gender] varchar(200) NOT NULL,
	[districtId] int NOT NULL,
	[occupationId] int NOT NULL,
	[addressLine1] varchar(200) NULL,
	[addressLine2] varchar(200) NULL,
	[addressLine3] varchar(200) NULL,
	[score] float NULL DEFAULT 0.00
);
GO

ALTER TABLE [dbo].Citizens
ADD CONSTRAINT [PK_citizenId] PRIMARY KEY CLUSTERED ([citizenId] ASC)
;


--OCCUPATIONS TABLE
CREATE TABLE [dbo].[Occupations](
	[occupationId] int IDENTITY(1,1) NOT NULL,
	[occupationName] varchar(1000) NOT NULL,
	[occupationDescription] varchar(1000) NULL,
	[importance] float NOT NULL,
);
GO

ALTER TABLE dbo.Occupations
	ADD CONSTRAINT [PK_occupationId] PRIMARY KEY CLUSTERED ([occupationId] ASC);
GO

--ACTIONS TABLE
CREATE TABLE [dbo].[Actions](
	[actionId] int IDENTITY(1,1) NOT NULL,
	[actionName] varchar(1000) NOT NULL,
	[actionDescription] varchar(1000) NULL,
	[score] float NOT NULL,
);
GO

ALTER TABLE dbo.Actions
	ADD CONSTRAINT [PK_actionId] PRIMARY KEY CLUSTERED ([actionId] ASC);
GO

--ACTIONS LOG TABLE
CREATE TABLE [dbo].[ActionsLog](
	[citizenId] bigint NOT NULL,
	[actionId] int NOT NULL,
	[cameraId] int NOT NULL,
	[accuracy] float NOT NULL,
	[occurenceTime] dateTime NOT NULL
);
GO

--ADD FOREIGN KEYS--
--CAMERAS FOREIGN KEYS
ALTER TABLE [dbo].[Cameras]
   ADD CONSTRAINT FK_camera_districtId FOREIGN KEY (districtId)
      REFERENCES Districts (districtId)
;
GO

--CITIZENS FOREIGN KEYS
ALTER TABLE [dbo].Citizens
   ADD CONSTRAINT FK_citizen_districtId FOREIGN KEY (districtId)
      REFERENCES Districts (districtId)
	,CONSTRAINT FK_citizen_occupationId FOREIGN KEY (occupationId)
      REFERENCES Occupations (occupationId)
;

GO


--ACTION LOGS FOREIGN KEYS
ALTER TABLE [dbo].ActionsLog
	  ADD CONSTRAINT FK_actionLog_citizenId FOREIGN KEY (citizenId)
      REFERENCES Citizens (citizenId),
	  CONSTRAINT FK_actionLog_actionId FOREIGN KEY (actionId)
      REFERENCES Actions (actionId),
	  CONSTRAINT FK_actionLog_cameraId FOREIGN KEY (cameraId)
      REFERENCES Cameras (cameraId)
;
GO

INSERT INTO [dbo].[Districts] (districtName, size)
    VALUES
        ('Eastwald', 1989.83),
        ('Oakbeach', 4164.0),
        ('Newby', 3330.69),
        ('Norcliff', 4682.09),
        ('Linville', 9107.42),
        ('Raymarsh', 9077.42),
        ('Newmill', 1751.67),
        ('Wellwick', 5003.02),
        ('Aelwynne', 2254.76),
        ('Riverburn', 2804.23),
        ('Redlake', 1810.17),
        ('Mallowwood', 3466.12),
        ('Coldmoor', 2319.53),
        ('Wellmage', 7141.01),
        ('Woodgriffin', 3486.99)

    INSERT INTO [dbo].[Occupations] (importance, occupationName, occupationDescription)
    VALUES
        (2, 'Rural practice surveyor', 'Hair too draw team far once road box sit play kind meeting.'),
        (-10, 'Public librarian', 'Structure city indicate little understand may act.'),
        (-8, 'Merchandiser, retail', 'Clearly let experience scene various than.'),
        (1, 'Psychiatrist', 'Meet owner toward across indeed generation agreement purpose.'),
        (-2, 'Operations geologist', 'Instead place whatever dog something no return growth country property foreign director social.'),
        (10, 'Magazine features editor', 'Subject good require body response past gun.'),
        (-9, 'Scientist, clinical (histocompatibility and immunogenetics)', 'Fund why will take stock worry still particular full admit look.'),
        (-7, 'Teacher, secondary school', 'Record include cost effect join simple live positive party.'),
        (-5, 'Therapist, horticultural', 'Candidate I practice song pretty challenge gun.'),
        (7, 'Surveyor, planning and development', 'Since significant very yard himself wish help everybody behind receive allow Congress.'),
        (10, 'Surveyor, minerals', 'Past south eye direction affect their age opportunity name control friend why traditional.'),
        (-5, 'Administrator, charities/voluntary organisations', 'Give better interesting sing join risk.'),
        (7, 'Scientific laboratory technician', 'Other positive window body build financial court those think leg.'),
        (-1, 'Company secretary', 'Occur hand name public it since.'),
        (1, 'Chief Marketing Officer', 'Firm vote game whether cup by note each others far must wait.'),
        (-5, 'Production assistant, radio', 'Board born spring value at remember create.'),
        (-4, 'Furniture conservator/restorer', 'Financial somebody like Mr magazine popular series work.'),
        (9, 'Buyer, industrial', 'Court sell daughter population arrive federal necessary hard possible minute reach red tend.'),
        (-8, 'Designer, exhibition/display', 'Option body decide be put level event specific recognize discover.'),
        (7, 'Sales promotion account executive', 'Market trouble would possible word employee friend second would beyond.'),
        (-2, 'Surveyor, building', 'Glass discuss heart explain themselves day somebody explain television success down drug sure.'),
        (-2, 'Homeopath', 'Sure thus contain how chance company above condition green difference network minute pressure.'),
        (-7, 'Statistician', 'Protect water cold feeling help he because what speech beautiful bar produce spend.'),
        (-1, 'Academic librarian', 'Information art daughter everything large attack give house believe director when.'),
        (8, 'Toxicologist', 'Husband lay simply box bag detail raise but whose matter about.'),
        (-9, 'Chief of Staff', 'New describe type air tell per risk social either various law movie also.'),
        (-10, 'Barrister', 'Spend commercial evening unit prevent shake international education main physical say myself direction sort.'),
        (9, 'Scientist, research (physical sciences)', 'Relationship game low middle debate clear first forget computer evening federal.'),
        (6, 'Chartered accountant', 'Television they quite especially authority phone center pull tree seek support.'),
        (3, 'Pharmacist, hospital', 'Ok American condition record whether throw trial organization recently loss second as probably.'),
        (10, 'Operational investment banker', 'Use like strong college tell ask very short student.'),
        (-8, 'Farm manager', 'Huge across again couple produce look pretty degree.'),
        (1, 'Local government officer', 'Body trouble national radio they cover nor worker gas turn friend save year.'),
        (11, 'Teacher, adult education', 'Memory responsibility girl possible character either service.'),
        (-7, 'Surgeon', 'Training art along fire born serve garden white energy among.'),
        (5, 'Airline pilot', 'Significant throw view risk field interesting boy none tough realize.'),
        (-10, 'Conference centre manager', 'Scene establish put instead increase wonder include maybe why certainly skin voice us.'),
        (-10, 'Producer, television/film/video', 'Me study statement particular happy computer.'),
        (-8, 'Government social research officer', 'Base stuff you would suddenly car task everything whole every certainly.'),
        (-10, 'Consulting civil engineer', 'Cost sort care author rich range serve visit ok throw director for.'),
        (2, 'Lobbyist', 'Treatment act physical prepare Mr nearly purpose with employee then.'),
        (11, 'Buyer, retail', 'Common floor near to group fact do choice.'),
        (-3, 'Immigration officer', 'Husband success maybe research quickly bar however night meet audience loss prepare right.'),
        (6, 'Surveyor, quantity', 'History agreement beat husband deep through science.'),
        (-5, 'Energy manager', 'Else degree religious more onto inside probably pick future option.'),
        (-8, 'Librarian, academic', 'Recognize order yeah effort lead nothing who.'),
        (11, 'Designer, multimedia', 'Own onto truth carry require within born over lay end assume.'),
        (5, 'Microbiologist', 'Middle usually push girl yeah task with matter century sit walk.'),
        (9, 'Lexicographer', 'Environmental kind police from officer Mr successful.'),
        (-3, 'Financial trader', 'Until my figure concern real tell.')

    INSERT INTO [dbo].[Cameras] (districtId, latitude, longitude, lastMaintenanceDate)
    VALUES
        (13, 45.69542, 143.077724, '2003-11-13'),
        (10, -30.357694, -67.749968, '2015-09-25'),
        (10, -68.8000825, -95.464334, '2001-05-07'),
        (12, 83.965884, 75.845855, '2001-03-03'),
        (13, 19.7718865, 135.548144, '2004-03-23'),
        (8, -78.1608515, 32.00686, '2015-10-21'),
        (11, -73.7367295, 127.076281, '2015-12-05'),
        (15, -6.3788115, -153.58726, '2012-02-15'),
        (10, 26.3752905, 22.394523, '2015-09-30'),
        (1, 24.519555, 42.802303, '2010-04-15'),
        (15, 72.259252, 70.196744, '2006-02-02'),
        (4, 8.7633515, -18.972114, '2012-03-29'),
        (4, -40.00585, -128.085557, '2006-12-09'),
        (11, -58.4606955, 0.486988, '2008-02-24'),
        (13, -4.1595055, -145.540122, '2005-04-23'),
        (5, 76.973196, -125.475203, '2016-04-09'),
        (10, -5.8731175, -92.803911, '2008-03-21'),
        (10, -60.2699075, 121.292289, '2012-07-11'),
        (13, -40.664435, -26.153245, '2001-03-26'),
        (11, 27.266436, -67.530061, '2003-12-12')

    INSERT INTO [dbo].[Citizens] (citizenId, firstName, lastName, dateOfBirth, gender, districtId, occupationId, addressLine1, addressLine2, addressLine3)   
    VALUES
        (7933850221461, 'Stacey', 'Moody', '2011-06-29', 'male', 1, 5, '43818', 'West Dale', 'Apt. 213'),
        (9913241464315, 'Heather', 'Moore', '2015-05-12', 'male', 2, 14, '72034', 'Christensen Crossing', 'Apt. 545'),
        (5014988849897, 'Michael', 'Rivera', '1981-08-30', 'female', 12, 45, '31492', 'Jenkins Freeway', 'Apt. 218'),
        (9523387157688, 'Justin', 'Smith', '1999-11-09', 'male', 7, 25, '80534', 'Taylor Hill', 'Apt. 524'),
        (4861067222836, 'Lawrence', 'Glenn', '2019-02-11', 'male', 7, 16, '03602', 'Walker Crossing', 'Apt. 752'),
        (5657370921923, 'Christie', 'Black', '1999-04-24', 'female', 14, 2, '00531', 'Daniel Pass', 'Suite 616'),
        (3343570996220, 'William', 'Strickland', '2012-03-21', 'male', 13, 29, '94944', 'Moss Squares', 'Apt. 267'),
        (7994689430931, 'Jean', 'Phillips', '1978-06-25', 'male', 2, 45, '45099', 'Mary Port', 'Suite 999'),
        (9365699687712, 'Vickie', 'May', '2000-08-14', 'male', 10, 7, '08027', 'White Keys', 'Apt. 155'),
        (5591701842951, 'Robert', 'Sanders', '1987-12-16', 'female', 4, 4, '83886', 'Allen Neck', 'Suite 553'),
        (4604988728276, 'Jennifer', 'Forbes', '2007-01-26', 'male', 9, 3, '93324', 'Juan Way', 'Suite 750'),
        (8525144627381, 'Troy', 'Brewer', '1971-06-11', 'male', 8, 3, '91289', 'Cooper Plain', 'Suite 512'),
        (6396071247524, 'Antonio', 'Phillips', '1991-12-26', 'female', 7, 14, '27714', 'Jackson Ramp', 'Suite 316'),
        (9759606598279, 'Courtney', 'Rogers', '1974-09-05', 'male', 3, 11, '45549', 'Danielle Mission', 'Suite 997'),
        (2344483277835, 'Deborah', 'Cox', '2017-01-04', 'male', 3, 32, '10702', 'Wright Viaduct', 'Apt. 490'),
        (5464089936479, 'Wesley', 'Johnson', '1981-09-17', 'female', 4, 38, '66425', 'David Stravenue', 'Apt. 713'),
        (1943535794375, 'Michael', 'Holloway', '1988-12-31', 'male', 9, 31, '52476', 'Smith Park', 'Apt. 001'),
        (2892885945621, 'Adam', 'James', '2001-04-02', 'female', 3, 27, '64161', 'Wolf Pike', 'Suite 862'),
        (8968433675274, 'Madison', 'Salazar', '2019-07-13', 'male', 5, 9, '58220', 'Debra Corner', 'Apt. 290'),
        (3543068756463, 'Brian', 'Hunt', '1983-10-21', 'female', 2, 16, '92405', 'Tina Causeway', 'Suite 738'),
        (2753657292639, 'Mary', 'Allen', '1984-04-04', 'female', 7, 45, '91697', 'Scott Villages', 'Apt. 139'),
        (8339340715833, 'Melissa', 'Walker', '1975-04-29', 'female', 4, 23, '58393', 'David Station', 'Apt. 179'),
        (8280595039578, 'Maria', 'Cobb', '2001-01-06', 'female', 8, 12, '91088', 'Chase Place', 'Apt. 113'),
        (7525519132350, 'Steven', 'Hernandez', '1996-06-30', 'male', 4, 46, '74262', 'John Camp', 'Apt. 564'),
        (9269632041365, 'Jonathan', 'Potter', '2008-05-03', 'female', 3, 15, '23628', 'Taylor Oval', 'Suite 413'),
        (2386350749728, 'Colin', 'Rasmussen', '2002-03-10', 'female', 15, 48, '42918', 'Angela Via', 'Suite 243'),
        (3030768713986, 'Eric', 'Blevins', '1976-01-18', 'male', 2, 21, '45945', 'Matthew Mission', 'Suite 760'),
        (6946489773030, 'Blake', 'Benson', '1980-11-17', 'male', 11, 41, '27086', 'Gregory Unions', 'Apt. 952'),
        (6695600041570, 'Tara', 'Cole', '1981-04-12', 'male', 12, 8, '58212', 'Tamara Plains', 'Apt. 233'),
        (6771091228748, 'Jacqueline', 'Glenn', '2005-01-09', 'female', 4, 17, '72178', 'Perez Square', 'Suite 038'),
        (1633765908906, 'Jason', 'Ford', '2004-06-30', 'female', 14, 6, '02525', 'Cunningham Mall', 'Suite 747'),
        (8038544407045, 'Lisa', 'Sanchez', '1980-03-10', 'female', 7, 9, '05811', 'Cross Forks', 'Apt. 838'),
        (5432320622790, 'Allison', 'Mathis', '1993-07-21', 'male', 5, 30, '89138', 'Philip Orchard', 'Suite 838'),
        (6819207173697, 'Dakota', 'Sims', '1973-10-12', 'female', 1, 46, '49188', 'Karen Port', 'Apt. 032'),
        (1941509581095, 'Michael', 'Little', '1989-10-23', 'female', 9, 21, '04441', 'Bennett Rue', 'Apt. 282'),
        (7425446423365, 'Jennifer', 'Murphy', '1992-03-29', 'male', 5, 28, '54982', 'Heidi Highway', 'Apt. 227'),
        (3528019622493, 'Karen', 'Smith', '1978-08-31', 'male', 11, 6, '16764', 'Keith Viaduct', 'Suite 264'),
        (1026219413237, 'Regina', 'Gomez', '2017-11-05', 'female', 4, 47, '00955', 'Wayne Square', 'Apt. 459'),
        (9980722582699, 'Stacey', 'Webb', '1991-07-09', 'male', 3, 32, '22355', 'Michelle Station', 'Suite 450'),
        (4351469116651, 'Jeremy', 'Woods', '2014-11-29', 'male', 12, 48, '89020', 'William Well', 'Apt. 934'),
        (4453479139517, 'Kenneth', 'Stevens', '2009-11-02', 'male', 1, 12, '33122', 'Cruz Way', 'Apt. 352'),
        (4391688251099, 'Nathan', 'Jones', '1998-02-12', 'male', 5, 38, '95891', 'Darren Mountains', 'Suite 192'),
        (7511713710391, 'Angela', 'Barnes', '1999-06-19', 'female', 10, 21, '78790', 'Gould Vista', 'Apt. 150'),
        (1894896729459, 'Paul', 'Sims', '1995-05-11', 'male', 3, 12, '15298', 'Martinez Ports', 'Apt. 748'),
        (4873661269005, 'Eddie', 'Gray', '1978-04-06', 'male', 11, 32, '64095', 'Sheila Lodge', 'Suite 573'),
        (8079331980857, 'Peter', 'Bell', '1996-08-02', 'female', 15, 28, '76123', 'Thomas Plain', 'Suite 441'),
        (9768049619238, 'Ashley', 'Brown', '2013-07-08', 'female', 13, 28, '77126', 'Dominguez Fort', 'Suite 688'),
        (2084953824550, 'Lori', 'Villarreal', '2010-02-25', 'female', 6, 48, '43550', 'Schroeder Plains', 'Suite 906'),
        (9008446261909, 'Michael', 'Bradley', '2000-04-11', 'female', 2, 9, '54832', 'Carl Keys', 'Apt. 084'),
        (4260738922296, 'Yolanda', 'Hall', '1990-07-10', 'male', 1, 37, '47787', 'Hailey Well', 'Apt. 578'),
        (9754732107073, 'John', 'Garcia', '1982-08-15', 'female', 6, 28, '71843', 'Meza Stravenue', 'Apt. 255'),
        (9791164766018, 'Kayla', 'Carter', '1976-02-27', 'female', 15, 28, '77321', 'Parker Path', 'Suite 586'),
        (8740720536878, 'Megan', 'Good', '1995-11-15', 'female', 14, 15, '96143', 'Luis River', 'Suite 515'),
        (6679025534707, 'Gabrielle', 'Hicks', '1972-06-23', 'female', 13, 45, '10847', 'Whitney Light', 'Suite 811'),
        (2598813113952, 'Noah', 'Cohen', '2009-02-25', 'female', 2, 22, '56226', 'Yoder Ramp', 'Suite 605'),
        (2395074383553, 'William', 'Thompson', '2017-06-10', 'female', 12, 31, '26786', 'Smith Mountain', 'Suite 751'),
        (7998542279327, 'Margaret', 'Murphy', '1972-07-16', 'female', 4, 7, '76145', 'Clark Drive', 'Suite 653'),
        (7715380906793, 'Kimberly', 'Berger', '2015-05-09', 'male', 8, 30, '85372', 'Jacob Squares', 'Apt. 948'),
        (8655628100983, 'Catherine', 'Ortiz', '2018-02-23', 'male', 13, 39, '38498', 'Duncan Field', 'Apt. 985'),
        (1132718559531, 'Willie', 'Ferguson', '1999-12-28', 'female', 13, 49, '98710', 'Chad Locks', 'Apt. 861'),
        (5985468426327, 'Jonathan', 'Alexander', '1981-01-06', 'female', 1, 8, '88691', 'Joshua Ports', 'Apt. 544'),
        (8616619518868, 'Nicole', 'Rose', '2012-02-12', 'female', 14, 18, '10889', 'Crosby Tunnel', 'Apt. 931'),
        (8578019434929, 'Rebekah', 'Mueller', '1979-12-26', 'female', 13, 32, '47365', 'Sean Mill', 'Apt. 460'),
        (7151640224337, 'Sarah', 'Blackburn', '2010-12-31', 'male', 2, 11, '86506', 'Jason Village', 'Suite 076'),
        (8250625014868, 'Debbie', 'Caldwell', '1984-11-23', 'female', 4, 9, '73877', 'Lisa Ridge', 'Apt. 151'),
        (8297942760000, 'Christopher', 'Cruz', '1991-10-13', 'male', 5, 5, '40421', 'Aaron Islands', 'Apt. 560'),
        (3719297305239, 'Micheal', 'Romero', '1977-08-08', 'male', 1, 44, '68554', 'Gregory Oval', 'Suite 894'),
        (5643019907865, 'Scott', 'Shea', '2010-02-19', 'male', 11, 26, '93890', 'Sherri River', 'Suite 012'),
        (5146740978185, 'Tracey', 'Osborne', '2017-04-22', 'female', 15, 33, '07736', 'Casey Views', 'Suite 242'),
        (9600337205239, 'Taylor', 'Butler', '1991-04-01', 'female', 1, 40, '96218', 'Wright Burg', 'Suite 031'),
        (5357982684099, 'Lydia', 'Willis', '2001-12-10', 'female', 3, 47, '90998', 'Pennington Mountains', 'Apt. 271'),
        (1616322876051, 'Anthony', 'Mcdaniel', '1978-06-13', 'male', 4, 46, '88698', 'Mcgee Stravenue', 'Suite 509'),
        (3855150407807, 'Carolyn', 'Young', '1979-12-06', 'female', 6, 39, '04709', 'Curtis Run', 'Apt. 769'),
        (9791732970419, 'Nicholas', 'Aguilar', '2009-01-21', 'female', 15, 1, '50831', 'Ramirez Row', 'Apt. 832'),
        (4800341158608, 'Carl', 'Andrade', '1999-08-04', 'female', 5, 48, '04567', 'Allen Passage', 'Suite 498'),
        (8239395818129, 'Lisa', 'Mcmahon', '1989-05-26', 'male', 9, 28, '96627', 'Robert Flat', 'Suite 867'),
        (8093326238431, 'Craig', 'Gallagher', '1986-07-15', 'female', 15, 45, '54100', 'Jaime Track', 'Apt. 538'),
        (5808922434312, 'Jacob', 'Mills', '1972-05-27', 'female', 12, 32, '57829', 'Harrison Springs', 'Apt. 492'),
        (6815892083507, 'Thomas', 'Mayer', '1985-08-10', 'male', 13, 24, '53726', 'Angela Mall', 'Apt. 393'),
        (8985526392650, 'Caleb', 'Davis', '1999-11-13', 'male', 9, 8, '55736', 'Angela Rest', 'Suite 911'),
        (8062144399608, 'Melissa', 'Wilson', '1977-01-13', 'female', 5, 45, '02571', 'Charles Field', 'Apt. 546'),
        (3940388247683, 'Joshua', 'Thompson', '1994-08-31', 'female', 12, 47, '69037', 'Diane Glen', 'Apt. 439'),
        (2736677704375, 'Gina', 'Blake', '1998-06-11', 'male', 11, 24, '62900', 'Patricia Valleys', 'Suite 339'),
        (7663757489095, 'Brittney', 'Pierce', '1993-03-19', 'female', 12, 38, '63677', 'Carol Shore', 'Suite 814'),
        (9551100829794, 'Bryan', 'Rhodes', '1996-02-23', 'female', 1, 21, '72553', 'Mejia Field', 'Apt. 078'),
        (6121096601761, 'Brandon', 'Hill', '2007-04-29', 'female', 15, 39, '37048', 'Adams Locks', 'Apt. 843'),
        (3778270554856, 'Amber', 'Ross', '1973-02-19', 'female', 7, 34, '75783', 'Lori Hills', 'Apt. 993'),
        (6867077608791, 'Rhonda', 'Carlson', '1984-04-08', 'male', 3, 21, '19940', 'Fisher Isle', 'Apt. 233'),
        (8608274684973, 'Teresa', 'Hamilton', '1987-06-10', 'female', 7, 48, '17093', 'Shannon Pines', 'Apt. 927'),
        (9184086162723, 'Michelle', 'Herrera', '2013-08-24', 'female', 10, 10, '46956', 'Richardson Glens', 'Suite 023'),
        (4852152122117, 'Ellen', 'Clark', '1978-05-27', 'female', 3, 23, '98795', 'Ellis Neck', 'Suite 474'),
        (6077989784779, 'Victoria', 'Daniels', '1996-07-15', 'female', 1, 7, '13324', 'Miller Roads', 'Suite 148'),
        (1604838687480, 'Andrea', 'Chandler', '1976-10-26', 'female', 4, 10, '07281', 'Edward Unions', 'Suite 092'),
        (8087038278453, 'Jason', 'Ramos', '2002-04-04', 'male', 10, 31, '58506', 'Williams Rapids', 'Apt. 583'),
        (8458518860426, 'Raymond', 'Frost', '1993-11-16', 'male', 1, 44, '32416', 'Jeffery Crossroad', 'Suite 795'),
        (7677729187321, 'Daniel', 'Gillespie', '1994-06-15', 'male', 5, 21, '36734', 'Jesse Junction', 'Apt. 278'),
        (3856274961139, 'William', 'Carney', '2006-04-15', 'male', 9, 6, '78808', 'Diana Creek', 'Suite 859'),
        (4772216956237, 'Tyrone', 'Rose', '1988-12-22', 'female', 13, 16, '49144', 'Pratt Ville', 'Apt. 705'),
        (5735117623694, 'Shannon', 'Doyle', '2018-04-10', 'female', 12, 20, '49962', 'Jeremy Oval', 'Suite 388'),
        (1315718318489, 'Kimberly', 'Harris', '1975-12-27', 'female', 11, 7, '62760', 'Jennings Locks', 'Apt. 797')

    INSERT INTO [dbo].[Actions] (actionName, actionDescription, score)
    VALUES
        ('murder', 'killed an innocent human', -100),
        ('assault', 'assaulted an innocent human', -40),
        ('petty_crime', 'committed lower class crime', -20),
        ('disobeyed_instruction', 'disobeyed instruction from military police', -100),
        ('theft', 'stole property of the People', -50),
        ('community_service', 'aided the community', 20),
        ('animal_slaughter', 'slaughtered an innocent animal', -10),
        ('animal_butchery', 'butchered an animal for eating', 10),
        ('sanctioned_assassination', 'killed an enemy of the People', 100),
        ('enlisted', '"enlisted" into the Peoples army', 250),
        ('ate_well', 'ate good food', -10),
        ('ate_poorly', 'ate horrible food', 10),
        ('witnessed_brutality', 'witnessed military police brutality', -50),
        ('aided_brutality', 'joined military police in public brutality', 200)

    INSERT INTO [dbo].[Actionslog] (citizenId, actionId, cameraId, accuracy, occurenceTime)
    VALUES
        (3528019622493, 3, 17, 72, '2011-06-06'),
        (6815892083507, 5, 2, 76, '2014-06-04'),
        (8093326238431, 3, 7, 40, '2019-05-16'),
        (8038544407045, 1, 2, 35, '2017-09-06'),
        (4873661269005, 2, 6, 95, '2011-03-25'),
        (4391688251099, 9, 8, 31, '2012-11-21'),
        (1633765908906, 9, 6, 47, '2012-09-11'),
        (2344483277835, 11, 20, 34, '2019-08-18'),
        (6771091228748, 7, 7, 99, '2019-06-16'),
        (8985526392650, 12, 12, 34, '2019-08-17'),
        (4351469116651, 3, 15, 21, '2018-06-19'),
        (6819207173697, 10, 15, 48, '2018-11-15'),
        (3719297305239, 8, 10, 9, '2011-05-16'),
        (8740720536878, 7, 11, 30, '2010-11-23'),
        (7663757489095, 8, 2, 60, '2012-05-14'),
        (7715380906793, 4, 7, 30, '2017-01-03'),
        (9523387157688, 4, 5, 64, '2013-12-09'),
        (9913241464315, 13, 20, 73, '2017-09-26'),
        (4861067222836, 14, 14, 96, '2016-05-14'),
        (4800341158608, 12, 10, 85, '2016-11-14'),
        (9768049619238, 9, 4, 77, '2012-08-27'),
        (9768049619238, 6, 20, 86, '2019-01-27'),
        (5146740978185, 1, 2, 99, '2015-04-18'),
        (2395074383553, 7, 15, 52, '2013-01-01'),
        (7151640224337, 1, 13, 31, '2018-07-01'),
        (4260738922296, 9, 2, 84, '2014-06-03'),
        (8062144399608, 1, 3, 32, '2016-09-17'),
        (9600337205239, 13, 13, 82, '2019-06-02'),
        (8985526392650, 2, 10, 58, '2015-04-13'),
        (5146740978185, 10, 18, 87, '2010-09-06'),
        (4852152122117, 7, 20, 28, '2020-03-05'),
        (9008446261909, 8, 9, 95, '2014-05-13'),
        (3855150407807, 3, 16, 39, '2017-04-17'),
        (3528019622493, 5, 4, 79, '2017-09-21'),
        (9791164766018, 2, 16, 90, '2017-01-18'),
        (2395074383553, 13, 6, 67, '2012-11-06'),
        (6815892083507, 6, 18, 9, '2010-10-26'),
        (3719297305239, 9, 5, 19, '2016-01-16'),
        (7425446423365, 12, 1, 27, '2017-07-10'),
        (9759606598279, 3, 9, 67, '2016-12-14'),
        (8608274684973, 7, 8, 84, '2013-06-25'),
        (9600337205239, 1, 3, 42, '2014-07-28'),
        (9791164766018, 5, 14, 39, '2019-11-28'),
        (3719297305239, 2, 17, 54, '2010-05-11'),
        (4861067222836, 2, 16, 99, '2013-10-30'),
        (4391688251099, 10, 6, 84, '2010-05-07'),
        (9523387157688, 9, 9, 86, '2011-10-10'),
        (8616619518868, 2, 2, 34, '2013-03-12'),
        (6077989784779, 7, 6, 97, '2012-05-22'),
        (8458518860426, 9, 6, 59, '2014-04-12'),
        (7151640224337, 7, 16, 75, '2015-07-06'),
        (8250625014868, 2, 5, 11, '2010-06-07'),
        (2892885945621, 4, 2, 43, '2014-03-31'),
        (8740720536878, 5, 3, 77, '2018-04-08'),
        (4351469116651, 6, 4, 17, '2016-03-22'),
        (2084953824550, 2, 14, 49, '2015-12-09'),
        (9523387157688, 1, 3, 82, '2016-10-17'),
        (8740720536878, 2, 17, 25, '2012-02-14'),
        (3543068756463, 4, 14, 98, '2015-05-19'),
        (7525519132350, 14, 15, 5, '2011-04-24'),
        (7994689430931, 8, 13, 53, '2011-04-17'),
        (9269632041365, 4, 14, 54, '2018-12-07'),
        (5735117623694, 14, 7, 59, '2019-03-14'),
        (8093326238431, 3, 9, 28, '2012-08-06'),
        (5432320622790, 1, 12, 59, '2018-09-01'),
        (4873661269005, 14, 3, 39, '2018-12-07'),
        (4351469116651, 8, 11, 76, '2017-01-25'),
        (8616619518868, 11, 8, 84, '2010-04-30'),
        (8525144627381, 11, 7, 44, '2017-10-31'),
        (6679025534707, 6, 19, 92, '2016-04-18'),
        (8985526392650, 10, 11, 68, '2013-07-05'),
        (8968433675274, 12, 12, 26, '2012-01-18'),
        (7425446423365, 8, 9, 23, '2013-04-26'),
        (6815892083507, 4, 20, 75, '2012-05-01'),
        (3855150407807, 6, 18, 33, '2017-10-17'),
        (4391688251099, 6, 10, 27, '2018-10-17'),
        (8250625014868, 3, 8, 20, '2014-06-20'),
        (5357982684099, 13, 5, 17, '2014-06-28'),
        (9768049619238, 10, 3, 17, '2014-01-01'),
        (6695600041570, 9, 14, 67, '2018-07-13'),
        (7715380906793, 14, 12, 63, '2015-08-31'),
        (6819207173697, 2, 3, 29, '2010-11-08'),
        (6771091228748, 5, 20, 74, '2012-10-26'),
        (8087038278453, 6, 10, 86, '2016-10-02'),
        (2753657292639, 4, 11, 49, '2011-07-31'),
        (4351469116651, 13, 10, 24, '2014-07-07'),
        (2386350749728, 3, 2, 73, '2010-04-27'),
        (9365699687712, 1, 18, 42, '2014-01-26'),
        (2344483277835, 6, 1, 20, '2018-09-01'),
        (5464089936479, 1, 18, 85, '2019-01-12'),
        (4260738922296, 9, 7, 51, '2016-06-15'),
        (3343570996220, 3, 17, 50, '2018-08-10'),
        (4861067222836, 4, 7, 1, '2010-05-15'),
        (5657370921923, 1, 15, 18, '2018-09-11'),
        (1616322876051, 9, 19, 16, '2012-02-26'),
        (2344483277835, 4, 18, 19, '2012-10-13'),
        (8578019434929, 5, 4, 9, '2010-11-27'),
        (7933850221461, 6, 13, 38, '2019-12-14'),
        (9759606598279, 1, 3, 96, '2019-09-30'),
        (4861067222836, 1, 2, 96, '2014-03-06'),
        (9759606598279, 2, 7, 64, '2017-03-04'),
        (5432320622790, 12, 16, 48, '2018-10-30'),
        (8616619518868, 3, 12, 64, '2016-07-06'),
        (5432320622790, 4, 10, 22, '2014-08-29'),
        (3940388247683, 6, 13, 12, '2018-11-26'),
        (1943535794375, 3, 17, 97, '2011-04-18'),
        (7151640224337, 12, 19, 70, '2010-06-10'),
        (8038544407045, 10, 11, 57, '2017-10-24'),
        (7998542279327, 7, 4, 85, '2018-07-09'),
        (1132718559531, 2, 14, 42, '2016-11-15'),
        (8239395818129, 8, 16, 67, '2013-09-09'),
        (4391688251099, 7, 8, 6, '2012-12-23'),
        (9791164766018, 9, 5, 27, '2014-07-07'),
        (6946489773030, 10, 6, 46, '2017-01-19'),
        (7511713710391, 14, 9, 41, '2014-02-07'),
        (4351469116651, 12, 16, 2, '2018-02-27'),
        (8079331980857, 2, 13, 25, '2012-04-14'),
        (8250625014868, 6, 5, 51, '2018-11-29'),
        (1633765908906, 12, 9, 10, '2013-04-25'),
        (4852152122117, 11, 16, 63, '2017-05-06'),
        (3856274961139, 6, 16, 100, '2014-04-11'),
        (1894896729459, 11, 7, 36, '2018-05-22'),
        (8079331980857, 7, 3, 46, '2013-06-12'),
        (5357982684099, 4, 18, 14, '2019-02-28'),
        (8339340715833, 1, 11, 74, '2020-03-13'),
        (4604988728276, 13, 8, 93, '2014-04-11'),
        (6819207173697, 12, 10, 75, '2015-01-18'),
        (3856274961139, 2, 19, 51, '2011-01-02'),
        (8968433675274, 4, 5, 23, '2013-04-08'),
        (5146740978185, 10, 7, 25, '2016-12-02'),
        (1616322876051, 10, 8, 68, '2010-05-04'),
        (7511713710391, 3, 19, 88, '2020-02-02'),
        (3855150407807, 2, 2, 86, '2015-11-10'),
        (8740720536878, 9, 18, 39, '2011-09-18'),
        (1616322876051, 10, 8, 34, '2016-03-26'),
        (3343570996220, 5, 14, 31, '2016-02-04'),
        (5591701842951, 10, 8, 60, '2012-04-06'),
        (7677729187321, 13, 5, 97, '2013-01-07'),
        (3855150407807, 11, 12, 22, '2016-06-01'),
        (4772216956237, 8, 12, 81, '2020-03-25'),
        (6815892083507, 4, 15, 54, '2013-08-24'),
        (8525144627381, 3, 2, 21, '2014-03-13'),
        (5464089936479, 6, 12, 14, '2012-05-25'),
        (3343570996220, 6, 17, 41, '2017-01-20'),
        (1132718559531, 6, 7, 20, '2020-01-13'),
        (7511713710391, 6, 17, 24, '2016-07-22'),
        (8525144627381, 4, 14, 30, '2019-10-13'),
        (3856274961139, 10, 11, 53, '2014-01-19'),
        (2344483277835, 1, 20, 4, '2014-05-15'),
        (8655628100983, 1, 2, 19, '2017-03-14'),
        (6867077608791, 4, 10, 38, '2017-06-16'),
        (3528019622493, 6, 5, 26, '2014-08-25'),
        (8339340715833, 14, 18, 69, '2016-12-11'),
        (1943535794375, 6, 4, 49, '2011-06-03'),
        (8250625014868, 5, 16, 86, '2019-07-26'),
        (3528019622493, 1, 15, 26, '2017-06-16'),
        (9269632041365, 3, 18, 16, '2010-08-03'),
        (7663757489095, 6, 8, 62, '2018-04-06'),
        (7994689430931, 2, 11, 32, '2015-07-28'),
        (1941509581095, 11, 6, 71, '2014-02-06'),
        (6077989784779, 10, 13, 53, '2019-12-15'),
        (8458518860426, 1, 16, 49, '2018-06-11'),
        (1616322876051, 14, 15, 21, '2020-01-13'),
        (1633765908906, 4, 14, 61, '2013-11-20'),
        (3855150407807, 6, 10, 37, '2013-03-21'),
        (2736677704375, 3, 13, 18, '2017-08-01'),
        (3719297305239, 1, 2, 75, '2014-05-19'),
        (2386350749728, 1, 20, 94, '2016-10-05'),
        (6771091228748, 7, 19, 22, '2010-05-27'),
        (2084953824550, 9, 8, 77, '2019-11-24'),
        (8062144399608, 14, 10, 55, '2016-03-20'),
        (4453479139517, 7, 18, 88, '2019-10-31'),
        (4351469116651, 8, 8, 14, '2016-03-12'),
        (5464089936479, 10, 1, 89, '2015-09-30'),
        (9269632041365, 4, 17, 56, '2012-10-07'),
        (6867077608791, 13, 16, 69, '2017-06-05'),
        (6695600041570, 4, 2, 81, '2012-01-22'),
        (3778270554856, 8, 8, 8, '2012-12-10'),
        (7525519132350, 7, 1, 80, '2011-02-15'),
        (2084953824550, 12, 19, 65, '2012-01-07'),
        (1616322876051, 13, 7, 63, '2015-09-10'),
        (3856274961139, 13, 10, 60, '2015-01-28'),
        (3343570996220, 6, 14, 25, '2019-01-24'),
        (8093326238431, 8, 13, 29, '2019-06-08'),
        (1132718559531, 1, 13, 71, '2013-11-15'),
        (1315718318489, 14, 7, 53, '2018-07-07'),
        (3528019622493, 12, 10, 40, '2011-12-10'),
        (1941509581095, 1, 6, 48, '2019-09-05'),
        (8458518860426, 11, 16, 78, '2012-09-13'),
        (6077989784779, 5, 10, 56, '2010-08-26'),
        (3856274961139, 7, 14, 29, '2017-10-16'),
        (4861067222836, 2, 12, 53, '2018-02-27'),
        (8968433675274, 2, 6, 22, '2011-05-26'),
        (1943535794375, 13, 7, 50, '2015-09-23'),
        (8093326238431, 3, 9, 23, '2020-03-29'),
        (8339340715833, 4, 16, 67, '2019-11-05'),
        (9791732970419, 14, 20, 31, '2018-06-08'),
        (9365699687712, 11, 14, 9, '2015-11-19'),
        (5464089936479, 10, 11, 77, '2014-12-11'),
        (1604838687480, 11, 10, 7, '2011-10-28'),
        (9269632041365, 12, 14, 76, '2018-10-09'),
        (9008446261909, 9, 5, 70, '2017-06-18'),
        (8280595039578, 7, 5, 16, '2018-09-19'),
        (9980722582699, 4, 16, 14, '2018-10-19'),
        (6695600041570, 10, 7, 71, '2017-09-22'),
        (4260738922296, 11, 18, 14, '2012-12-08'),
        (7511713710391, 2, 1, 84, '2016-11-28'),
        (2084953824550, 14, 6, 50, '2013-10-08'),
        (7998542279327, 7, 18, 92, '2017-06-14'),
        (6695600041570, 10, 18, 60, '2012-07-19'),
        (6679025534707, 5, 4, 91, '2011-06-22'),
        (5146740978185, 8, 18, 41, '2018-12-03'),
        (5432320622790, 10, 5, 59, '2010-11-23'),
        (7663757489095, 7, 13, 50, '2010-12-17'),
        (8655628100983, 5, 15, 40, '2011-02-18'),
        (1633765908906, 6, 15, 57, '2010-12-03'),
        (4453479139517, 9, 14, 59, '2017-06-06'),
        (4861067222836, 6, 2, 38, '2014-02-24'),
        (6679025534707, 5, 18, 1, '2018-07-09'),
        (2736677704375, 5, 17, 76, '2016-01-27'),
        (9008446261909, 6, 14, 86, '2012-09-15'),
        (1132718559531, 6, 13, 50, '2012-07-29'),
        (7151640224337, 7, 15, 47, '2013-09-02'),
        (1026219413237, 8, 19, 4, '2017-11-02'),
        (1026219413237, 6, 20, 11, '2013-09-25'),
        (1604838687480, 6, 3, 16, '2014-02-11'),
        (8985526392650, 10, 14, 21, '2012-06-25'),
        (6396071247524, 14, 17, 85, '2018-12-07'),
        (8616619518868, 5, 18, 64, '2014-05-13'),
        (5146740978185, 14, 17, 18, '2019-05-30'),
        (9791164766018, 11, 10, 100, '2010-10-11'),
        (5464089936479, 4, 17, 79, '2013-03-25'),
        (5735117623694, 2, 2, 94, '2016-11-08'),
        (7994689430931, 11, 16, 5, '2018-02-19'),
        (5357982684099, 2, 13, 48, '2017-05-04'),
        (9759606598279, 8, 1, 6, '2011-06-20'),
        (1604838687480, 3, 19, 74, '2010-05-05'),
        (2598813113952, 5, 19, 60, '2013-10-25'),
        (7425446423365, 7, 1, 7, '2015-12-06'),
        (8616619518868, 11, 1, 4, '2013-03-15'),
        (2344483277835, 10, 14, 97, '2014-06-26'),
        (8968433675274, 9, 15, 4, '2019-05-13'),
        (1633765908906, 6, 9, 19, '2014-10-12'),
        (8740720536878, 11, 9, 54, '2019-04-30'),
        (9791164766018, 2, 1, 47, '2018-05-25'),
        (8297942760000, 7, 15, 93, '2017-04-20'),
        (1894896729459, 9, 14, 42, '2011-09-04'),
        (8339340715833, 4, 13, 26, '2013-04-29'),
        (2892885945621, 11, 18, 15, '2016-05-15'),
        (6077989784779, 1, 3, 63, '2010-07-29'),
        (6679025534707, 2, 16, 47, '2011-01-31'),
        (3855150407807, 13, 3, 63, '2017-12-02'),
        (3855150407807, 3, 3, 97, '2015-04-26'),
        (8985526392650, 4, 5, 50, '2013-01-25'),
        (1616322876051, 3, 1, 26, '2018-12-28'),
        (8616619518868, 4, 17, 12, '2019-01-20'),
        (4772216956237, 13, 9, 28, '2017-06-28'),
        (4351469116651, 10, 14, 36, '2012-11-13'),
        (1315718318489, 11, 19, 74, '2019-01-09'),
        (7151640224337, 9, 7, 11, '2016-04-12'),
        (3030768713986, 2, 12, 4, '2017-02-21'),
        (8079331980857, 11, 18, 76, '2016-08-12'),
        (5591701842951, 13, 8, 46, '2016-01-27'),
        (9365699687712, 9, 9, 16, '2016-08-31'),
        (3940388247683, 13, 13, 68, '2018-07-08'),
        (3543068756463, 9, 15, 59, '2015-02-24'),
        (3719297305239, 2, 7, 20, '2010-06-05'),
        (7425446423365, 7, 13, 74, '2012-06-06'),
        (2736677704375, 10, 1, 40, '2012-04-21'),
        (4852152122117, 9, 18, 18, '2019-05-29'),
        (9551100829794, 14, 16, 95, '2015-09-07'),
        (4260738922296, 3, 11, 1, '2020-02-16'),
        (3528019622493, 1, 15, 83, '2011-05-29'),
        (6771091228748, 14, 2, 72, '2012-12-23'),
        (1894896729459, 6, 5, 76, '2017-02-07'),
        (1943535794375, 6, 5, 83, '2011-10-19'),
        (8616619518868, 7, 18, 29, '2012-10-16'),
        (3543068756463, 7, 7, 99, '2018-04-28'),
        (5432320622790, 4, 5, 11, '2019-11-03'),
        (2753657292639, 11, 6, 92, '2012-01-01'),
        (8578019434929, 10, 2, 6, '2017-04-18'),
        (9184086162723, 6, 11, 10, '2016-05-02'),
        (8093326238431, 2, 16, 62, '2011-10-26'),
        (6867077608791, 2, 5, 16, '2012-01-06'),
        (7511713710391, 7, 7, 70, '2014-12-10'),
        (3940388247683, 6, 11, 45, '2020-03-03'),
        (4260738922296, 9, 15, 92, '2014-10-05'),
        (8578019434929, 13, 5, 40, '2012-04-16'),
        (2084953824550, 8, 9, 62, '2016-04-30'),
        (5985468426327, 9, 4, 59, '2018-03-16'),
        (1941509581095, 3, 17, 89, '2014-10-16'),
        (9791732970419, 6, 8, 42, '2017-04-03'),
        (8297942760000, 2, 14, 63, '2013-09-29'),
        (9600337205239, 7, 13, 84, '2012-12-28'),
        (7933850221461, 3, 18, 15, '2018-01-15'),
        (8608274684973, 9, 8, 81, '2014-05-01'),
        (1604838687480, 14, 2, 50, '2013-10-04'),
        (1941509581095, 13, 12, 8, '2019-05-04'),
        (5591701842951, 1, 9, 99, '2012-05-07'),
        (9184086162723, 3, 18, 91, '2017-10-31'),
        (6815892083507, 3, 8, 32, '2016-03-07'),
        (3528019622493, 12, 3, 65, '2011-03-23'),
        (9754732107073, 6, 3, 48, '2016-02-08'),
        (9600337205239, 7, 7, 91, '2010-05-27'),
        (3940388247683, 3, 11, 87, '2015-06-30'),
        (2736677704375, 2, 15, 30, '2014-09-22'),
        (2344483277835, 2, 15, 33, '2016-07-15'),
        (7511713710391, 5, 13, 7, '2011-12-05'),
        (3719297305239, 1, 15, 71, '2019-07-05'),
        (8968433675274, 6, 8, 25, '2015-12-01'),
        (8740720536878, 1, 13, 44, '2012-02-12'),
        (3343570996220, 2, 5, 63, '2011-01-12'),
        (3543068756463, 8, 8, 69, '2016-02-11'),
        (8740720536878, 14, 7, 52, '2013-01-04'),
        (3778270554856, 3, 2, 30, '2017-03-15'),
        (4604988728276, 4, 12, 51, '2016-11-05'),
        (8297942760000, 8, 14, 56, '2011-07-09'),
        (8250625014868, 13, 11, 86, '2016-05-26'),
        (8578019434929, 9, 17, 21, '2017-07-22'),
        (3855150407807, 3, 2, 40, '2019-10-12'),
        (7715380906793, 12, 6, 92, '2014-07-25'),
        (6121096601761, 12, 18, 48, '2010-05-18'),
        (8616619518868, 2, 16, 32, '2016-09-04'),
        (7677729187321, 5, 13, 78, '2019-10-25'),
        (8087038278453, 1, 1, 9, '2017-07-15'),
        (1633765908906, 9, 20, 17, '2016-11-22'),
        (9759606598279, 5, 4, 17, '2013-07-15'),
        (8616619518868, 8, 5, 70, '2014-05-22'),
        (1633765908906, 3, 9, 65, '2014-07-05'),
        (8062144399608, 1, 17, 5, '2014-10-04'),
        (4260738922296, 3, 10, 73, '2017-05-08'),
        (3940388247683, 14, 9, 76, '2015-12-15'),
        (5808922434312, 8, 3, 93, '2016-07-20'),
        (5464089936479, 3, 6, 44, '2014-01-02'),
        (9791164766018, 6, 12, 20, '2020-03-31'),
        (8578019434929, 13, 4, 64, '2010-07-07'),
        (4453479139517, 12, 5, 48, '2019-10-24'),
        (7151640224337, 5, 9, 36, '2010-11-12'),
        (8093326238431, 4, 13, 24, '2011-06-19'),
        (5146740978185, 12, 5, 56, '2012-05-05'),
        (4604988728276, 14, 8, 44, '2018-03-20'),
        (4861067222836, 6, 12, 67, '2015-06-05'),
        (9269632041365, 6, 9, 100, '2013-09-19'),
        (8038544407045, 10, 10, 9, '2013-03-24'),
        (6867077608791, 9, 5, 22, '2010-11-10'),
        (8616619518868, 3, 13, 2, '2018-01-25'),
        (9551100829794, 13, 13, 32, '2018-09-25'),
        (5591701842951, 1, 17, 79, '2011-04-12'),
        (5735117623694, 11, 15, 46, '2018-03-02'),
        (8297942760000, 10, 17, 7, '2016-01-17'),
        (4351469116651, 12, 1, 92, '2018-01-14'),
        (7511713710391, 2, 7, 99, '2016-10-09'),
        (6867077608791, 13, 18, 39, '2017-08-13'),
        (9980722582699, 1, 18, 32, '2012-12-19'),
        (2386350749728, 2, 3, 55, '2012-04-07'),
        (5985468426327, 1, 17, 22, '2013-06-07'),
        (9600337205239, 10, 7, 30, '2016-08-16'),
        (4351469116651, 9, 11, 65, '2018-11-01'),
        (9269632041365, 9, 5, 96, '2018-10-02'),
        (9913241464315, 5, 15, 51, '2014-02-08'),
        (7425446423365, 10, 14, 6, '2020-03-07'),
        (8740720536878, 14, 16, 44, '2012-08-26'),
        (1633765908906, 5, 4, 27, '2010-08-08'),
        (3719297305239, 12, 15, 62, '2015-01-26'),
        (6695600041570, 11, 15, 10, '2014-03-15'),
        (2892885945621, 2, 19, 47, '2011-07-12'),
        (9913241464315, 6, 14, 42, '2010-12-11'),
        (1943535794375, 14, 16, 55, '2020-02-21'),
        (9759606598279, 14, 9, 23, '2018-08-10'),
        (3940388247683, 10, 5, 50, '2014-09-01'),
        (9551100829794, 3, 14, 1, '2013-11-29'),
        (1604838687480, 8, 7, 57, '2011-09-01'),
        (5464089936479, 9, 1, 25, '2011-08-15'),
        (3343570996220, 3, 18, 62, '2013-05-27'),
        (3543068756463, 13, 3, 27, '2015-09-07'),
        (4772216956237, 14, 7, 74, '2014-11-10'),
        (5808922434312, 14, 20, 31, '2019-12-17'),
        (5808922434312, 4, 16, 61, '2014-12-17'),
        (1132718559531, 2, 15, 59, '2015-06-12'),
        (6077989784779, 7, 20, 54, '2011-05-08'),
        (3343570996220, 2, 16, 38, '2016-05-17'),
        (9184086162723, 4, 1, 56, '2019-10-30'),
        (8250625014868, 14, 11, 61, '2012-04-23'),
        (5357982684099, 8, 17, 21, '2010-10-14'),
        (1616322876051, 8, 19, 79, '2018-08-02'),
        (4604988728276, 11, 12, 5, '2012-11-08'),
        (9269632041365, 9, 13, 68, '2019-11-10'),
        (2395074383553, 1, 13, 87, '2017-10-20'),
        (3528019622493, 5, 15, 93, '2018-11-11'),
        (2084953824550, 6, 13, 50, '2018-09-12'),
        (6867077608791, 10, 12, 28, '2015-05-14'),
        (7933850221461, 2, 4, 5, '2017-07-29'),
        (1633765908906, 14, 17, 30, '2018-01-03'),
        (8740720536878, 4, 10, 30, '2010-12-02'),
        (7425446423365, 11, 3, 28, '2019-11-07'),
        (5014988849897, 8, 19, 87, '2015-06-20'),
        (7663757489095, 1, 11, 95, '2017-08-11'),
        (6819207173697, 6, 17, 45, '2012-07-08'),
        (2753657292639, 7, 16, 84, '2019-06-26'),
        (9768049619238, 10, 11, 61, '2018-06-18'),
        (8250625014868, 3, 12, 81, '2014-06-13'),
        (4852152122117, 10, 3, 17, '2018-01-31'),
        (5014988849897, 12, 4, 83, '2012-04-20'),
        (6077989784779, 11, 5, 67, '2017-07-18'),
        (3343570996220, 1, 17, 61, '2016-06-10'),
        (8608274684973, 7, 8, 31, '2011-06-26'),
        (2753657292639, 13, 4, 35, '2010-06-07'),
        (2395074383553, 1, 19, 78, '2015-06-10'),
        (2892885945621, 11, 1, 54, '2019-12-26'),
        (2598813113952, 7, 1, 59, '2012-01-10'),
        (8093326238431, 5, 7, 25, '2017-08-20'),
        (4604988728276, 4, 12, 94, '2011-12-29'),
        (1616322876051, 2, 7, 98, '2017-11-15'),
        (6819207173697, 14, 16, 99, '2015-09-07'),
        (9365699687712, 3, 11, 47, '2017-09-23'),
        (7663757489095, 11, 14, 5, '2017-11-27'),
        (6946489773030, 2, 20, 86, '2018-10-15'),
        (9523387157688, 11, 1, 35, '2016-04-18'),
        (1616322876051, 12, 1, 89, '2013-08-20'),
        (1604838687480, 7, 5, 16, '2015-02-21'),
        (7425446423365, 9, 19, 39, '2014-03-01'),
        (8525144627381, 1, 9, 80, '2013-12-01'),
        (5643019907865, 9, 10, 18, '2015-06-10'),
        (5591701842951, 8, 13, 32, '2013-12-12'),
        (3855150407807, 7, 10, 15, '2011-08-05'),
        (8239395818129, 10, 7, 25, '2015-09-13'),
        (4852152122117, 6, 9, 6, '2017-03-21'),
        (5643019907865, 4, 16, 33, '2010-07-30'),
        (3856274961139, 4, 8, 70, '2020-03-04'),
        (2084953824550, 3, 14, 63, '2014-01-19'),
        (5985468426327, 13, 9, 6, '2019-03-25'),
        (6771091228748, 2, 19, 93, '2011-08-26'),
        (5643019907865, 2, 13, 71, '2016-08-22'),
        (2736677704375, 3, 13, 59, '2015-04-13'),
        (8062144399608, 14, 6, 27, '2014-03-27'),
        (6771091228748, 1, 4, 62, '2017-01-29'),
        (9980722582699, 9, 16, 35, '2012-03-18'),
        (1941509581095, 7, 7, 33, '2014-02-27'),
        (8297942760000, 5, 10, 94, '2015-02-07'),
        (1132718559531, 11, 17, 93, '2017-09-22'),
        (5432320622790, 12, 10, 58, '2013-01-23'),
        (6867077608791, 8, 12, 19, '2012-06-21'),
        (9754732107073, 8, 14, 35, '2018-02-24'),
        (4604988728276, 9, 15, 16, '2018-08-10'),
        (8608274684973, 1, 3, 83, '2017-02-12'),
        (8038544407045, 2, 20, 38, '2016-05-03'),
        (7677729187321, 4, 16, 30, '2019-04-13'),
        (7677729187321, 8, 7, 44, '2014-06-05'),
        (7933850221461, 10, 17, 74, '2016-12-13'),
        (5357982684099, 10, 2, 79, '2019-07-31'),
        (8608274684973, 7, 9, 47, '2013-06-05'),
        (7715380906793, 9, 16, 98, '2015-08-18'),
        (5985468426327, 3, 9, 78, '2019-03-25'),
        (9768049619238, 4, 5, 71, '2014-10-25'),
        (8062144399608, 10, 9, 92, '2018-02-06'),
        (8062144399608, 1, 17, 40, '2014-06-16'),
        (9768049619238, 11, 19, 44, '2012-11-02'),
        (7663757489095, 2, 10, 53, '2019-01-23'),
        (9184086162723, 12, 1, 41, '2011-08-03'),
        (5735117623694, 12, 7, 47, '2018-08-02'),
        (9980722582699, 10, 3, 46, '2013-12-23'),
        (9008446261909, 13, 7, 62, '2017-05-06'),
        (9768049619238, 7, 16, 6, '2010-06-30'),
        (5146740978185, 14, 11, 83, '2014-08-18'),
        (6679025534707, 10, 18, 13, '2015-01-17'),
        (5985468426327, 5, 14, 87, '2019-03-06'),
        (9759606598279, 4, 9, 87, '2014-11-29'),
        (2344483277835, 3, 20, 16, '2011-09-02'),
        (1894896729459, 1, 14, 67, '2014-07-08'),
        (4861067222836, 13, 6, 61, '2015-03-10'),
        (8968433675274, 12, 9, 13, '2011-08-20'),
        (8250625014868, 12, 8, 73, '2012-03-25'),
        (4453479139517, 11, 5, 62, '2019-08-07'),
        (1315718318489, 14, 17, 95, '2017-12-31'),
        (7525519132350, 14, 3, 93, '2012-11-22'),
        (3543068756463, 1, 3, 43, '2019-03-30'),
        (4604988728276, 10, 9, 54, '2015-07-20'),
        (7994689430931, 6, 12, 33, '2013-12-24'),
        (7994689430931, 4, 4, 3, '2011-02-22'),
        (1941509581095, 14, 17, 33, '2016-03-14'),
        (8087038278453, 9, 4, 50, '2017-06-02'),
        (8578019434929, 13, 18, 22, '2016-03-08'),
        (5357982684099, 8, 1, 92, '2013-08-24'),
        (1132718559531, 13, 10, 28, '2018-02-03'),
        (4852152122117, 12, 4, 10, '2013-04-12'),
        (8339340715833, 7, 16, 19, '2012-07-29'),
        (2395074383553, 14, 18, 50, '2018-04-25'),
        (6679025534707, 7, 14, 26, '2018-01-19'),
        (8297942760000, 9, 13, 75, '2010-08-11'),
        (4391688251099, 1, 18, 1, '2014-02-20'),
        (3778270554856, 13, 12, 18, '2013-08-30'),
        (3855150407807, 1, 18, 33, '2013-08-07'),
        (8297942760000, 2, 14, 13, '2018-11-10'),
        (6077989784779, 1, 11, 91, '2013-08-16'),
        (3855150407807, 7, 7, 12, '2013-09-08'),
        (2753657292639, 1, 11, 63, '2015-09-16'),
        (1315718318489, 8, 4, 4, '2017-08-09'),
        (9768049619238, 5, 19, 1, '2015-07-12'),
        (6679025534707, 4, 6, 2, '2018-11-08'),
        (6771091228748, 9, 13, 76, '2015-03-15')


